hotel_id,name,city,city_name,business_area,tier,stars,price_per_night_usd,coordinates_lat,coordinates_lon,distance_to_business_center_km,distance_to_airport_km,amenities,rooms_available
HT0149,Hyatt Boston Financial District,BOS,Boston,Financial District,Budget,2,84,42.34532915812241,-71.06878901819465,1.64,1.83,Restaurant; Valet Parking; Business Center; Bar,19
HT0170,Hampton Inn Boston Back Bay,BOS,Boston,Back Bay,Budget,2,89,42.33294952636188,-71.08819243167532,2.08,3.86,Pool; Restaurant; Airport Shuttle; Gym; Business Center; Laundry Service; Bar,60
HT0185,Holiday Inn Boston Cambridge Innovation,BOS,Boston,Cambridge Innovation,Budget,2,92,42.375748261958236,-71.1275037500788,1.48,5.9,Rooftop Lounge; Valet Parking; Room Service; Pool; Airport Shuttle; Spa; Restaurant,25
HT0171,Marriott Boston Back Bay,BOS,Boston,Back Bay,Budget,2,104,42.361411943490374,-71.07798387141123,1.22,1.57,Conference Room; Pool; WiFi; Room Service; Parking; Airport Shuttle,32
HT0186,Holiday Inn Boston Cambridge Innovation,BOS,Boston,Cambridge Innovation,Budget,2,108,42.378522664230104,-71.1280414530931,1.6,6.04,Rooftop Lounge; WiFi; Parking; Spa; Pool,36
HT0187,Hilton Boston Cambridge Innovation,BOS,Boston,Cambridge Innovation,Budget,2,114,42.38945181241524,-71.11022837893584,1.76,5.33,Pool; Conference Room; Concierge; Laundry Service,61
HT0169,Hyatt Boston Back Bay,BOS,Boston,Back Bay,Budget,2,120,42.347301025402885,-71.08315101047287,0.47,2.45,Gym; Conference Room; Room Service; WiFi; Airport Shuttle; Bar; Parking,11
HT0184,Hilton Boston Cambridge Innovation,BOS,Boston,Cambridge Innovation,Budget,2,122,42.391437612747794,-71.09388543015311,2.37,4.52,Rooftop Lounge; Room Service; Gym; Laundry Service; WiFi; Parking; Airport Shuttle,69
HT0152,Hilton Boston Financial District,BOS,Boston,Financial District,Budget,2,125,42.36381843589327,-71.04270560582738,1.33,1.39,Rooftop Lounge; Conference Room; Gym; Laundry Service; Restaurant,23
HT0172,InterContinental Boston Back Bay,BOS,Boston,Back Bay,Budget,2,127,42.34221769842032,-71.07529268370719,0.98,2.4,Conference Room; Restaurant; Parking; Valet Parking; Room Service; Laundry Service,25
HT0151,Hyatt Boston Financial District,BOS,Boston,Financial District,Budget,2,132,42.34134796859378,-71.05052226511937,1.59,2.2,Gym; Bar; Spa; WiFi; Parking,22
HT0153,Marriott Boston Financial District,BOS,Boston,Financial District,Budget,2,143,42.372838295514214,-71.06115587287188,2.02,1.43,Pool; Spa; Gym; Restaurant,67
HT0150,InterContinental Boston Financial District,BOS,Boston,Financial District,Budget,2,149,42.36445532187212,-71.0669531848482,1.45,0.82,Rooftop Lounge; Parking; WiFi; Laundry Service; Airport Shuttle,59
HT0174,Hilton Boston Back Bay,BOS,Boston,Back Bay,Mid-Range,3,165,42.364482032287405,-71.08260563877117,1.58,2.01,Parking; Conference Room; Laundry Service; Pool,84
HT0189,Hilton Boston Cambridge Innovation,BOS,Boston,Cambridge Innovation,Mid-Range,3,166,42.36068414487603,-71.11046144740345,1.44,4.24,Conference Room; Bar; WiFi; Spa; Pool; Restaurant,77
HT0175,Hyatt Boston Back Bay,BOS,Boston,Back Bay,Mid-Range,3,190,42.3680288774922,-71.09217862248529,2.21,2.87,Restaurant; Spa; Rooftop Lounge; Gym; Airport Shuttle,65
HT0155,InterContinental Boston Financial District,BOS,Boston,Financial District,Mid-Range,3,197,42.371375576374454,-71.04779354788464,1.85,1.55,Restaurant; Airport Shuttle; Concierge; Rooftop Lounge,95
HT0188,Holiday Inn Boston Cambridge Innovation,BOS,Boston,Cambridge Innovation,Mid-Range,3,200,42.36032382277476,-71.12129564644218,1.76,5.13,Bar; Conference Room; Valet Parking; Airport Shuttle; Laundry Service; Parking,83
HT0154,InterContinental Boston Financial District,BOS,Boston,Financial District,Mid-Range,3,218,42.373520506993344,-71.04599261490233,2.12,1.83,Conference Room; Airport Shuttle; Valet Parking; Rooftop Lounge,20
HT0156,Hyatt Boston Financial District,BOS,Boston,Financial District,Mid-Range,3,220,42.342188027282845,-71.05473524864003,1.47,2.02,Conference Room; WiFi; Business Center; Laundry Service,24
HT0190,InterContinental Boston Cambridge Innovation,BOS,Boston,Cambridge Innovation,Mid-Range,3,229,42.356408224681516,-71.10604284398745,1.94,3.9,Conference Room; Spa; Gym; Restaurant,97
HT0173,Hyatt Boston Back Bay,BOS,Boston,Back Bay,Mid-Range,3,263,42.35571115618699,-71.0639205557984,1.41,0.64,Parking; Pool; Airport Shuttle; Business Center; Room Service; WiFi; Valet Parking,8
HT0160,Hampton Inn Boston Financial District,BOS,Boston,Financial District,Upscale,4,280,42.336188253585455,-71.06454422972591,2.3,2.7,Rooftop Lounge; Restaurant; Valet Parking; Concierge; Spa; Room Service; Parking,66
HT0161,Holiday Inn Boston Financial District,BOS,Boston,Financial District,Upscale,4,281,42.352165708778415,-71.0616535469439,0.71,0.91,Parking; Bar; Rooftop Lounge; Spa; Restaurant,69
HT0177,Holiday Inn Boston Back Bay,BOS,Boston,Back Bay,Upscale,4,307,42.37046512859623,-71.08292843680178,2.24,2.29,Restaurant; Airport Shuttle; Laundry Service; Valet Parking; Gym; Bar,53
HT0179,Hilton Boston Back Bay,BOS,Boston,Back Bay,Upscale,4,312,42.36938471474336,-71.0986649815504,2.62,3.43,Spa; WiFi; Bar; Valet Parking; Concierge,38
HT0193,Holiday Inn Boston Cambridge Innovation,BOS,Boston,Cambridge Innovation,Upscale,4,323,42.38072776717534,-71.09965316422253,1.14,4.06,Business Center; Valet Parking; Room Service; Parking,100
HT0176,Hilton Boston Back Bay,BOS,Boston,Back Bay,Upscale,4,342,42.3596956254346,-71.08411704141479,1.09,2.07,Laundry Service; Pool; Business Center; Gym; Conference Room; Room Service,96
HT0191,Holiday Inn Boston Cambridge Innovation,BOS,Boston,Cambridge Innovation,Upscale,4,344,42.377584937499854,-71.10950077147314,0.44,4.59,Room Service; Rooftop Lounge; Gym; Valet Parking,20
HT0157,Hyatt Boston Financial District,BOS,Boston,Financial District,Upscale,4,351,42.37451766793309,-71.05281034326754,2.13,1.68,Rooftop Lounge; Airport Shuttle; Pool; Bar,15
HT0178,Marriott Boston Back Bay,BOS,Boston,Back Bay,Upscale,4,367,42.36141138301136,-71.0970477425224,1.88,3.14,Bar; Rooftop Lounge; Business Center; Restaurant; Parking; Valet Parking; Gym,75
HT0192,InterContinental Boston Cambridge Innovation,BOS,Boston,Cambridge Innovation,Upscale,4,411,42.358304878526496,-71.11721151669765,1.81,4.8,Concierge; Business Center; Room Service; Rooftop Lounge,32
HT0159,Hilton Boston Financial District,BOS,Boston,Financial District,Upscale,4,413,42.35458887904171,-71.04489991135104,0.77,1.3,Conference Room; Business Center; Spa; WiFi; Airport Shuttle; Laundry Service; Parking,20
HT0158,InterContinental Boston Financial District,BOS,Boston,Financial District,Upscale,4,432,42.357802475033004,-71.05406134682157,0.27,0.47,Conference Room; Valet Parking; Spa; WiFi; Room Service; Business Center; Concierge,73
HT0197,Ritz-Carlton Boston Cambridge Innovation,BOS,Boston,Cambridge Innovation,Luxury,5,567,42.389860180084405,-71.11472336204758,1.85,5.65,Pool; Rooftop Lounge; Valet Parking; Concierge; Room Service; Gym; WiFi,7
HT0195,W Hotels Boston Cambridge Innovation,BOS,Boston,Cambridge Innovation,Luxury,5,593,42.37702434410786,-71.10022312636471,0.87,3.88,Room Service; WiFi; Rooftop Lounge; Parking; Restaurant; Pool; Spa,52
HT0182,Four Seasons Boston Back Bay,BOS,Boston,Back Bay,Luxury,5,625,42.33743181854129,-71.0739334552016,1.52,2.81,Conference Room; Room Service; Spa; Rooftop Lounge; Concierge; Valet Parking,87
HT0181,Four Seasons Boston Back Bay,BOS,Boston,Back Bay,Luxury,5,656,42.35864402858917,-71.082568304405,0.94,1.95,Concierge; Pool; Bar; Room Service; Restaurant; Conference Room; Gym; Laundry Service; Parking,15
HT0164,Four Seasons Boston Financial District,BOS,Boston,Financial District,Luxury,5,685,42.34722622781316,-71.06960842988256,1.56,1.68,Concierge; WiFi; Rooftop Lounge; Restaurant; Bar; Conference Room; Spa; Gym; Room Service,28
HT0180,W Hotels Boston Back Bay,BOS,Boston,Back Bay,Luxury,5,699,42.34139262518022,-71.07308144382625,1.14,2.38,Pool; Airport Shuttle; Business Center; Spa; Concierge; Valet Parking; Restaurant; Parking,19
HT0194,St. Regis Boston Cambridge Innovation,BOS,Boston,Cambridge Innovation,Luxury,5,727,42.391015721437256,-71.12464822261576,2.29,6.4,Laundry Service; Spa; Gym; Pool; Valet Parking; Concierge,77
HT0165,Peninsula Boston Financial District,BOS,Boston,Financial District,Luxury,5,753,42.35432030329932,-71.04834257624113,0.5,1.08,Spa; Parking; Gym; Pool; Laundry Service; Restaurant,36
HT0163,St. Regis Boston Financial District,BOS,Boston,Financial District,Luxury,5,812,42.35389352038893,-71.03613669376203,1.49,1.99,Restaurant; WiFi; Bar; Business Center; Gym; Valet Parking,28
HT0196,Waldorf Astoria Boston Cambridge Innovation,BOS,Boston,Cambridge Innovation,Luxury,5,840,42.37349825809792,-71.1086092288931,0.09,4.35,Parking; Airport Shuttle; Room Service; Gym; Conference Room; Bar,58
HT0162,Peninsula Boston Financial District,BOS,Boston,Financial District,Luxury,5,876,42.35228512486267,-71.05677399911926,0.41,0.89,Parking; Laundry Service; Pool; Restaurant; WiFi; Business Center; Concierge; Conference Room; Valet Parking,92
HT0166,Peninsula Boston Financial District,BOS,Boston,Financial District,Luxury,5,900,42.33916124532979,-71.05135217647552,1.82,2.41,Spa; WiFi; Rooftop Lounge; Valet Parking; Conference Room; Concierge,74
HT0198,Ritz-Carlton Boston Cambridge Innovation,BOS,Boston,Cambridge Innovation,Ultra-Luxury,5,901,42.38199912645416,-71.12051936950083,1.29,5.62,Conference Room; Business Center; Parking; WiFi; Laundry Service; Room Service; Restaurant; Gym; Rooftop Lounge,62
HT0167,W Hotels Boston Financial District,BOS,Boston,Financial District,Ultra-Luxury,5,1009,42.33582466700726,-71.05987886139087,2.23,2.7,Restaurant; Room Service; Bar; Laundry Service; Business Center; Parking; Spa; Conference Room; WiFi; Pool,5
HT0199,Four Seasons Boston Cambridge Innovation,BOS,Boston,Cambridge Innovation,Ultra-Luxury,5,1209,42.35688477027924,-71.11989626251426,2.04,5.02,Pool; Concierge; Laundry Service; Spa; Conference Room; Bar; Room Service; Rooftop Lounge; Parking,59
HT0168,Waldorf Astoria Boston Financial District,BOS,Boston,Financial District,Ultra-Luxury,5,1439,42.36808726765186,-71.06816303977212,1.82,1.17,Gym; Spa; WiFi; Airport Shuttle; Conference Room; Bar; Concierge; Restaurant; Parking; Pool,48
HT0183,Peninsula Boston Back Bay,BOS,Boston,Back Bay,Ultra-Luxury,5,1491,42.33321716835225,-71.0960300903985,2.35,4.27,Pool; Bar; Parking; Laundry Service; Spa; Valet Parking,85
HT0119,Hampton Inn Chicago River North,CHI,Chicago,River North,Budget,2,89,41.891923941194655,-87.63775391524473,0.42,1.67,Parking; Valet Parking; Pool; WiFi; Concierge,78
HT0120,InterContinental Chicago River North,CHI,Chicago,River North,Budget,2,101,41.90018289548613,-87.6488989937173,1.63,2.92,Restaurant; Concierge; Rooftop Lounge; Pool; Business Center,18
HT0101,Holiday Inn Chicago The Loop,CHI,Chicago,The Loop,Budget,2,106,41.88966462154941,-87.63487798478562,1.47,1.35,Spa; Room Service; Pool; Bar; Rooftop Lounge; Laundry Service,7
HT0134,Marriott Chicago West Loop,CHI,Chicago,West Loop,Budget,2,111,41.89671861400924,-87.64254554650628,1.82,2.32,Restaurant; Business Center; Airport Shuttle; Room Service; Pool,46
HT0103,Hyatt Chicago The Loop,CHI,Chicago,The Loop,Budget,2,113,41.87633177667847,-87.60961036453476,1.31,1.68,Bar; Parking; Valet Parking; Spa; Pool,42
HT0118,InterContinental Chicago River North,CHI,Chicago,River North,Budget,2,115,41.90093062665769,-87.61670419513948,1.66,2.76,Laundry Service; Conference Room; Pool; Gym; WiFi,57
HT0099,Hilton Chicago The Loop,CHI,Chicago,The Loop,Budget,2,120,41.861869281917556,-87.6157111922685,2.02,2.15,Pool; WiFi; Room Service; Valet Parking,76
HT0100,Hampton Inn Chicago The Loop,CHI,Chicago,The Loop,Budget,2,129,41.87853832867015,-87.60944239062341,1.3,1.69,Gym; Conference Room; Concierge; Valet Parking; Room Service; Restaurant; Airport Shuttle,42
HT0133,Hampton Inn Chicago West Loop,CHI,Chicago,West Loop,Budget,2,138,41.87185807617068,-87.6400664581905,1.43,1.1,Airport Shuttle; Laundry Service; Spa; WiFi; Rooftop Lounge; Concierge,59
HT0136,Holiday Inn Chicago West Loop,CHI,Chicago,West Loop,Budget,2,141,41.87285375591361,-87.6484576015334,1.01,1.65,Restaurant; Laundry Service; Conference Room; Parking; Gym; Spa; Airport Shuttle,97
HT0102,InterContinental Chicago The Loop,CHI,Chicago,The Loop,Budget,2,146,41.873468506097836,-87.61408357300483,1.08,1.4,Restaurant; Room Service; Bar; Gym,30
HT0135,Hampton Inn Chicago West Loop,CHI,Chicago,West Loop,Budget,2,150,41.89378849091655,-87.64311445477703,1.5,2.06,WiFi; Laundry Service; Parking; Restaurant; Pool,34
HT0122,Hyatt Chicago River North,CHI,Chicago,River North,Mid-Range,3,172,41.875831135476275,-87.64784742812469,2.18,1.52,Rooftop Lounge; Parking; Conference Room; Valet Parking; Room Service,66
HT0137,Hyatt Chicago West Loop,CHI,Chicago,West Loop,Mid-Range,3,190,41.86390524515905,-87.65976437078788,2.1,2.94,Valet Parking; Concierge; Bar; Parking; Business Center,60
HT0121,Hilton Chicago River North,CHI,Chicago,River North,Mid-Range,3,193,41.904057205660756,-87.61968415404296,1.73,3.01,Conference Room; Spa; Restaurant; Pool; Gym,85
HT0139,Holiday Inn Chicago West Loop,CHI,Chicago,West Loop,Mid-Range,3,194,41.898577921338855,-87.63836334275491,2.16,2.38,Laundry Service; Bar; Pool; Restaurant,79
HT0123,Hilton Chicago River North,CHI,Chicago,River North,Mid-Range,3,222,41.872013281468874,-87.62308439450565,2.35,0.88,WiFi; Laundry Service; Gym; Spa; Conference Room; Rooftop Lounge; Airport Shuttle,45
HT0107,Hampton Inn Chicago The Loop,CHI,Chicago,The Loop,Mid-Range,3,232,41.89606104639546,-87.62473017763521,1.94,2.04,WiFi; Pool; Business Center; Spa; Bar; Restaurant,19
HT0138,Marriott Chicago West Loop,CHI,Chicago,West Loop,Mid-Range,3,240,41.89614157182368,-87.65163583380993,1.61,2.7,Restaurant; Bar; Airport Shuttle; Gym; WiFi; Laundry Service; Rooftop Lounge,87
HT0106,Marriott Chicago The Loop,CHI,Chicago,The Loop,Mid-Range,3,245,41.8722503560859,-87.62883245887599,0.77,0.66,Valet Parking; Airport Shuttle; Gym; Rooftop Lounge,34
HT0104,Holiday Inn Chicago The Loop,CHI,Chicago,The Loop,Mid-Range,3,278,41.893381021827864,-87.60995244067945,2.07,2.36,Rooftop Lounge; Restaurant; Business Center; Bar,7
HT0105,Hilton Chicago The Loop,CHI,Chicago,The Loop,Mid-Range,3,280,41.892933800059815,-87.63655105760898,1.85,1.74,Business Center; Airport Shuttle; Rooftop Lounge; Conference Room; Valet Parking; Restaurant,77
HT0141,Hampton Inn Chicago West Loop,CHI,Chicago,West Loop,Upscale,4,289,41.87439637701305,-87.66743946364355,1.57,3.14,Parking; Rooftop Lounge; WiFi; Restaurant; Valet Parking; Conference Room; Room Service,95
HT0109,Hyatt Chicago The Loop,CHI,Chicago,The Loop,Upscale,4,293,41.877417236778406,-87.64455737104673,1.62,1.22,Parking; Conference Room; Room Service; Bar; Pool; Spa,17
HT0140,Holiday Inn Chicago West Loop,CHI,Chicago,West Loop,Upscale,4,294,41.86513586772189,-87.63245603580806,2.41,1.46,Restaurant; WiFi; Business Center; Valet Parking; Airport Shuttle; Bar,31
HT0125,InterContinental Chicago River North,CHI,Chicago,River North,Upscale,4,314,41.88869328198519,-87.64097827716859,0.77,1.5,WiFi; Parking; Spa; Restaurant; Rooftop Lounge; Gym; Airport Shuttle,83
HT0110,Holiday Inn Chicago The Loop,CHI,Chicago,The Loop,Upscale,4,364,41.87329094733451,-87.62263902052277,0.62,0.8,Bar; Parking; Rooftop Lounge; WiFi; Gym,87
HT0127,InterContinental Chicago River North,CHI,Chicago,River North,Upscale,4,372,41.90964067393373,-87.64171963902041,2.11,3.64,Bar; Parking; Rooftop Lounge; Airport Shuttle,34
HT0142,Hilton Chicago West Loop,CHI,Chicago,West Loop,Upscale,4,374,41.88684613125522,-87.63488154839239,1.47,1.06,Airport Shuttle; Rooftop Lounge; Room Service; Pool; Concierge; Bar,12
HT0124,Hyatt Chicago River North,CHI,Chicago,River North,Upscale,4,376,41.88549828693017,-87.64815983179984,1.46,1.73,Valet Parking; Restaurant; Rooftop Lounge; Room Service,42
HT0108,Hyatt Chicago The Loop,CHI,Chicago,The Loop,Upscale,4,379,41.870319228227245,-87.6290623091057,0.98,0.87,Rooftop Lounge; Pool; Concierge; Spa; Conference Room; Business Center; Room Service,52
HT0126,Hilton Chicago River North,CHI,Chicago,River North,Upscale,4,397,41.892299486382264,-87.62137670924595,0.94,1.73,Pool; Rooftop Lounge; Bar; Room Service,6
HT0112,Hampton Inn Chicago The Loop,CHI,Chicago,The Loop,Upscale,4,415,41.864674121701604,-87.63547829096957,1.77,1.57,Bar; Business Center; Spa; Gym; Restaurant,99
HT0111,Marriott Chicago The Loop,CHI,Chicago,The Loop,Upscale,4,450,41.89223896116698,-87.61478436065849,1.74,2.0,Gym; Conference Room; Airport Shuttle; Restaurant; WiFi,86
HT0128,Ritz-Carlton Chicago River North,CHI,Chicago,River North,Luxury,5,481,41.87478286652591,-87.6176747090456,2.27,1.07,Business Center; Conference Room; Rooftop Lounge; Parking; Room Service; Restaurant,5
HT0115,Peninsula Chicago The Loop,CHI,Chicago,The Loop,Luxury,5,554,41.88271730358248,-87.62146146318294,0.55,0.86,Spa; Gym; Airport Shuttle; Bar; Conference Room; Pool; Restaurant; Parking,40
HT0130,Four Seasons Chicago River North,CHI,Chicago,River North,Luxury,5,663,41.88298034507078,-87.63664972543317,1.04,0.78,Bar; Airport Shuttle; Laundry Service; Conference Room; Pool; Gym; Parking; Room Service,78
HT0114,St. Regis Chicago The Loop,CHI,Chicago,The Loop,Luxury,5,676,41.879599930289686,-87.64250906226229,1.45,1.07,Concierge; Gym; Pool; Conference Room; Spa; Rooftop Lounge; Parking,18
HT0143,W Hotels Chicago West Loop,CHI,Chicago,West Loop,Luxury,5,689,41.89812442948645,-87.63151263337632,2.45,2.23,Airport Shuttle; WiFi; Spa; Business Center; Laundry Service; Concierge; Valet Parking; Pool; Restaurant; Room Service,99
HT0131,W Hotels Chicago River North,CHI,Chicago,River North,Luxury,5,695,41.8765943666121,-87.62438337195562,1.84,0.48,Laundry Service; Valet Parking; Conference Room; Spa; Room Service; Gym; Airport Shuttle,94
HT0144,Waldorf Astoria Chicago West Loop,CHI,Chicago,West Loop,Luxury,5,715,41.89423200449072,-87.63152216752339,2.14,1.8,Conference Room; WiFi; Gym; Parking; Valet Parking; Restaurant; Rooftop Lounge; Spa; Airport Shuttle; Bar,44
HT0129,W Hotels Chicago River North,CHI,Chicago,River North,Luxury,5,784,41.90157583752757,-87.63233077453175,1.08,2.62,Business Center; Spa; Parking; Gym; Valet Parking; Conference Room; Airport Shuttle,30
HT0147,Waldorf Astoria Chicago West Loop,CHI,Chicago,West Loop,Luxury,5,791,41.886666481865184,-87.66897753170585,1.57,3.38,Laundry Service; Conference Room; Gym; WiFi; Bar; Valet Parking; Concierge,33
HT0145,W Hotels Chicago West Loop,CHI,Chicago,West Loop,Luxury,5,833,41.88535044068696,-87.64775585834191,0.5,1.69,Parking; Restaurant; Laundry Service; Conference Room; Business Center; WiFi,88
HT0113,Ritz-Carlton Chicago The Loop,CHI,Chicago,The Loop,Luxury,5,878,41.86639976996736,-87.6390898409211,1.78,1.51,Airport Shuttle; Business Center; Valet Parking; Pool; Room Service; Concierge; WiFi; Restaurant; Gym,93
HT0146,Waldorf Astoria Chicago West Loop,CHI,Chicago,West Loop,Luxury,5,897,41.89297052561152,-87.63177522166443,2.04,1.66,Airport Shuttle; Laundry Service; Bar; Pool; Spa; Rooftop Lounge; Room Service; Valet Parking; Business Center; Conference Room,24
HT0116,Four Seasons Chicago The Loop,CHI,Chicago,The Loop,Ultra-Luxury,5,1017,41.86133211517302,-87.61857465953709,1.99,2.08,Rooftop Lounge; Conference Room; Room Service; Pool; Bar; Business Center; WiFi; Laundry Service; Concierge; Parking,57
HT0132,W Hotels Chicago River North,CHI,Chicago,River North,Ultra-Luxury,5,1232,41.9029670177199,-87.6148363756568,1.92,3.03,Laundry Service; WiFi; Pool; Business Center; Gym; Concierge; Restaurant; Parking; Room Service; Conference Room,26
HT0117,Four Seasons Chicago The Loop,CHI,Chicago,The Loop,Ultra-Luxury,5,1285,41.88048555515007,-87.62805831892172,0.32,0.3,Conference Room; Rooftop Lounge; Pool; Restaurant; Gym; Bar,62
HT0148,Waldorf Astoria Chicago West Loop,CHI,Chicago,West Loop,Ultra-Luxury,5,1336,41.86950889446966,-87.66930449156932,2.02,3.41,Laundry Service; Rooftop Lounge; Bar; Gym; Conference Room; WiFi; Valet Parking; Room Service; Airport Shuttle,95
HT0001,Hyatt New York City Manhattan Financial District,NYC,New York City,Manhattan Financial District,Budget,2,85,40.716919188859116,-74.02697170305059,1.69,1.83,Pool; Conference Room; Room Service; Restaurant,23
HT0003,Hyatt New York City Manhattan Financial District,NYC,New York City,Manhattan Financial District,Budget,2,92,40.70188798077779,-73.99523548871605,1.49,1.52,Airport Shuttle; Valet Parking; Bar; Conference Room; Business Center; Restaurant; WiFi,97
HT0035,Hampton Inn New York City Brooklyn Tech Hub,NYC,New York City,Brooklyn Tech Hub,Budget,2,93,40.66802867843884,-73.95714495406504,1.57,6.46,Business Center; Parking; WiFi; Laundry Service; Restaurant; Rooftop Lounge; Conference Room,13
HT0002,Hilton New York City Manhattan Financial District,NYC,New York City,Manhattan Financial District,Budget,2,112,40.70374301448068,-74.0212147584384,0.93,1.63,WiFi; Parking; Concierge; Conference Room; Room Service,14
HT0034,InterContinental New York City Brooklyn Tech Hub,NYC,New York City,Brooklyn Tech Hub,Budget,2,116,40.672373202855,-73.93479136649145,1.02,7.5,WiFi; Valet Parking; Concierge; Gym,40
HT0018,Marriott New York City Midtown Manhattan,NYC,New York City,Midtown Manhattan,Budget,2,117,40.75943707166488,-73.96891086929575,1.37,6.05,Pool; Restaurant; Spa; Gym; Parking; Conference Room,50
HT0019,Marriott New York City Midtown Manhattan,NYC,New York City,Midtown Manhattan,Budget,2,129,40.73894682765232,-73.99327844751434,1.94,3.1,Room Service; Spa; Concierge; Rooftop Lounge; Business Center,20
HT0017,InterContinental New York City Midtown Manhattan,NYC,New York City,Midtown Manhattan,Budget,2,130,40.74633919027984,-73.98317981308777,0.95,4.2,Rooftop Lounge; Valet Parking; Restaurant; Business Center,49
HT0033,Hampton Inn New York City Brooklyn Tech Hub,NYC,New York City,Brooklyn Tech Hub,Budget,2,146,40.68353229902175,-73.9381756547685,0.78,6.58,Pool; Concierge; WiFi; Parking; Airport Shuttle; Business Center; Room Service,81
HT0032,InterContinental New York City Brooklyn Tech Hub,NYC,New York City,Brooklyn Tech Hub,Budget,2,147,40.67685583369771,-73.95881766655523,1.24,5.64,Concierge; Business Center; Parking; Bar; Spa; Rooftop Lounge; Laundry Service,72
HT0004,Hyatt New York City Manhattan Financial District,NYC,New York City,Manhattan Financial District,Mid-Range,3,166,40.72523724597103,-74.02430908104968,2.27,2.07,Rooftop Lounge; Pool; Bar; WiFi; Airport Shuttle; Restaurant; Concierge,83
HT0039,Hilton New York City Brooklyn Tech Hub,NYC,New York City,Brooklyn Tech Hub,Mid-Range,3,170,40.67381170368489,-73.94793845219442,0.58,6.54,Bar; Spa; Room Service; Pool; Concierge; Valet Parking,92
HT0036,Hampton Inn New York City Brooklyn Tech Hub,NYC,New York City,Brooklyn Tech Hub,Mid-Range,3,176,40.66458734458097,-73.95154483604772,1.64,7.06,Bar; Laundry Service; Airport Shuttle; WiFi; Restaurant; Rooftop Lounge; Spa,19
HT0005,Marriott New York City Manhattan Financial District,NYC,New York City,Manhattan Financial District,Mid-Range,3,188,40.72411129027812,-74.02156336029343,2.05,1.82,Gym; Spa; Parking; Rooftop Lounge; Airport Shuttle; Valet Parking; Conference Room,41
HT0022,Hilton New York City Midtown Manhattan,NYC,New York City,Midtown Manhattan,Mid-Range,3,189,40.76910592759456,-73.99390340726083,1.79,6.34,Rooftop Lounge; Business Center; WiFi; Conference Room; Gym,11
HT0038,Hilton New York City Brooklyn Tech Hub,NYC,New York City,Brooklyn Tech Hub,Mid-Range,3,190,40.65836958720438,-73.94908059759595,2.24,7.72,Business Center; Gym; WiFi; Valet Parking; Rooftop Lounge; Spa,26
HT0021,Hilton New York City Midtown Manhattan,NYC,New York City,Midtown Manhattan,Mid-Range,3,233,40.74088347295877,-74.00023312566803,2.07,3.16,Concierge; Spa; Airport Shuttle; WiFi; Gym; Laundry Service,13
HT0006,Hilton New York City Manhattan Financial District,NYC,New York City,Manhattan Financial District,Mid-Range,3,238,40.70598210340231,-74.03028188365963,1.61,2.18,Parking; Restaurant; Business Center; Bar; Spa,78
HT0020,Hampton Inn New York City Midtown Manhattan,NYC,New York City,Midtown Manhattan,Mid-Range,3,253,40.76633346647157,-73.97206361263335,1.62,6.6,Valet Parking; Rooftop Lounge; Restaurant; Bar; Laundry Service; Parking; Airport Shuttle,15
HT0037,Hampton Inn New York City Brooklyn Tech Hub,NYC,New York City,Brooklyn Tech Hub,Mid-Range,3,266,40.66293753354783,-73.94334159183735,1.7,7.66,Laundry Service; Gym; Spa; Pool,95
HT0023,Holiday Inn New York City Midtown Manhattan,NYC,New York City,Midtown Manhattan,Mid-Range,3,275,40.73938430067098,-73.97700459429325,1.82,3.84,Restaurant; Valet Parking; Business Center; Spa,22
HT0043,Hampton Inn New York City Brooklyn Tech Hub,NYC,New York City,Brooklyn Tech Hub,Upscale,4,280,40.69673264149183,-73.96241641559786,2.57,4.09,Room Service; Spa; Conference Room; Parking; Concierge,26
HT0026,InterContinental New York City Midtown Manhattan,NYC,New York City,Midtown Manhattan,Upscale,4,283,40.76076980187617,-73.9792922768306,0.76,5.79,Airport Shuttle; Business Center; Valet Parking; Room Service,87
HT0007,Hilton New York City Manhattan Financial District,NYC,New York City,Manhattan Financial District,Upscale,4,303,40.6910817075562,-74.02223622852092,2.04,2.78,Room Service; Laundry Service; Concierge; Valet Parking; Gym; Pool,97
HT0024,Holiday Inn New York City Midtown Manhattan,NYC,New York City,Midtown Manhattan,Upscale,4,330,40.743264752904864,-73.99417360045705,1.55,3.53,Room Service; Valet Parking; Parking; Spa; Bar,50
HT0027,Hilton New York City Midtown Manhattan,NYC,New York City,Midtown Manhattan,Upscale,4,330,40.75790725484632,-73.97236484695496,1.04,5.76,WiFi; Valet Parking; Business Center; Parking; Concierge; Gym,31
HT0041,Hyatt New York City Brooklyn Tech Hub,NYC,New York City,Brooklyn Tech Hub,Upscale,4,364,40.692986608028896,-73.93728350455797,1.74,6.2,Parking; Restaurant; Pool; Concierge; WiFi; Business Center,12
HT0009,Hilton New York City Manhattan Financial District,NYC,New York City,Manhattan Financial District,Upscale,4,388,40.7181284564476,-73.99240460060645,1.99,1.29,Valet Parking; Parking; Conference Room; Pool; Gym,68
HT0008,Hilton New York City Manhattan Financial District,NYC,New York City,Manhattan Financial District,Upscale,4,392,40.71296515304095,-74.00778332280375,0.69,0.15,Bar; Business Center; Conference Room; Airport Shuttle; Room Service; Concierge,33
HT0010,InterContinental New York City Manhattan Financial District,NYC,New York City,Manhattan Financial District,Upscale,4,409,40.72394617977714,-74.01893387554382,1.95,1.65,Rooftop Lounge; Airport Shuttle; Laundry Service; Bar; Concierge,83
HT0025,Marriott New York City Midtown Manhattan,NYC,New York City,Midtown Manhattan,Upscale,4,430,40.75995478020124,-73.96627393638333,1.6,6.22,Parking; Pool; Room Service; Spa; Restaurant,13
HT0040,InterContinental New York City Brooklyn Tech Hub,NYC,New York City,Brooklyn Tech Hub,Upscale,4,437,40.68412405966668,-73.94999413427624,0.82,5.7,Spa; Airport Shuttle; Laundry Service; Room Service; WiFi; Parking; Concierge,52
HT0042,Hampton Inn New York City Brooklyn Tech Hub,NYC,New York City,Brooklyn Tech Hub,Upscale,4,448,40.681909656991756,-73.95549319978323,1.04,5.47,WiFi; Valet Parking; Laundry Service; Restaurant; Spa; Pool; Room Service,54
HT0045,W Hotels New York City Brooklyn Tech Hub,NYC,New York City,Brooklyn Tech Hub,Luxury,5,533,40.668915995701155,-73.9603652517431,1.71,6.21,WiFi; Pool; Parking; Spa; Bar; Conference Room,76
HT0046,Four Seasons New York City Brooklyn Tech Hub,NYC,New York City,Brooklyn Tech Hub,Luxury,5,578,40.677204337368515,-73.93098512356772,1.12,7.46,Valet Parking; Conference Room; Laundry Service; WiFi; Concierge; Parking; Gym; Bar; Business Center,48
HT0044,Peninsula New York City Brooklyn Tech Hub,NYC,New York City,Brooklyn Tech Hub,Luxury,5,587,40.67670648975973,-73.95802291903448,1.18,5.7,Spa; Pool; Rooftop Lounge; Valet Parking; Room Service; Restaurant; Conference Room,62
HT0014,W Hotels New York City Manhattan Financial District,NYC,New York City,Manhattan Financial District,Luxury,5,634,40.706941354653594,-74.02555074895339,1.2,1.77,Rooftop Lounge; Room Service; Airport Shuttle; Bar; Valet Parking; Restaurant,19
HT0011,Ritz-Carlton New York City Manhattan Financial District,NYC,New York City,Manhattan Financial District,Luxury,5,666,40.698678093852514,-73.99440638826276,1.72,1.85,Conference Room; Room Service; Gym; Airport Shuttle; Valet Parking; Bar,43
HT0030,Peninsula New York City Midtown Manhattan,NYC,New York City,Midtown Manhattan,Luxury,5,696,40.74030883718714,-73.98962282352429,1.69,3.36,Room Service; Gym; Concierge; Airport Shuttle; Rooftop Lounge; Pool; Business Center; Bar; Valet Parking; Conference Room,84
HT0028,Ritz-Carlton New York City Midtown Manhattan,NYC,New York City,Midtown Manhattan,Luxury,5,738,40.74515615580074,-73.99599844826538,1.48,3.7,WiFi; Rooftop Lounge; Restaurant; Conference Room; Parking; Valet Parking,24
HT0015,Peninsula New York City Manhattan Financial District,NYC,New York City,Manhattan Financial District,Luxury,5,793,40.70479468933333,-74.03093229710342,1.68,2.28,Restaurant; Concierge; Rooftop Lounge; Parking; Bar; Pool; Spa; Valet Parking; Laundry Service,44
HT0012,Peninsula New York City Manhattan Financial District,NYC,New York City,Manhattan Financial District,Luxury,5,823,40.70757540198487,-74.01473507604861,0.29,0.94,Conference Room; Spa; Laundry Service; Gym; Bar; Pool; Valet Parking,64
HT0047,Waldorf Astoria New York City Brooklyn Tech Hub,NYC,New York City,Brooklyn Tech Hub,Luxury,5,834,40.69269998848673,-73.93031963141796,1.99,6.76,Gym; WiFi; Airport Shuttle; Parking; Restaurant; Rooftop Lounge; Bar; Room Service; Laundry Service,39
HT0029,Peninsula New York City Midtown Manhattan,NYC,New York City,Midtown Manhattan,Luxury,5,866,40.75323887280704,-73.98247740924533,0.22,4.91,Gym; Parking; Business Center; Valet Parking; Restaurant; Laundry Service; Spa; Bar; Rooftop Lounge,46
HT0013,Waldorf Astoria New York City Manhattan Financial District,NYC,New York City,Manhattan Financial District,Luxury,5,872,40.6970434194294,-74.02327607981731,1.53,2.28,Pool; Spa; Business Center; Laundry Service; Rooftop Lounge; Bar; Airport Shuttle,41
HT0016,Ritz-Carlton New York City Manhattan Financial District,NYC,New York City,Manhattan Financial District,Ultra-Luxury,5,1041,40.71029716081188,-74.02761000757904,1.41,1.84,Rooftop Lounge; Pool; Room Service; Laundry Service; Conference Room; Spa; Gym; Restaurant; Valet Parking; Airport Shuttle,48
HT0031,St. Regis New York City Midtown Manhattan,NYC,New York City,Midtown Manhattan,Ultra-Luxury,5,1400,40.736287552359016,-73.97151178746688,2.32,3.91,WiFi; Room Service; Airport Shuttle; Parking; Business Center; Restaurant; Concierge,15
HT0048,Waldorf Astoria New York City Brooklyn Tech Hub,NYC,New York City,Brooklyn Tech Hub,Ultra-Luxury,5,1440,40.66782730468805,-73.93998557058303,1.21,7.48,Business Center; Spa; Conference Room; Gym; Bar; Airport Shuttle; WiFi; Room Service; Rooftop Lounge,57
HT0049,Holiday Inn San Francisco Financial District,SF,San Francisco,Financial District,Budget,2,83,37.78499257265913,-122.41780396437024,1.9,1.13,Concierge; Parking; Pool; Gym; Conference Room; WiFi,83
HT0065,InterContinental San Francisco SoMa,SF,San Francisco,SoMa,Budget,2,93,37.76599183712304,-122.4256391874162,2.23,1.13,Bar; Airport Shuttle; WiFi; Laundry Service; Spa; Conference Room,8
HT0084,Hyatt San Francisco Silicon Valley,SF,San Francisco,Silicon Valley,Budget,2,94,37.39318374931294,-122.07634532028935,1.03,52.11,Restaurant; Concierge; Conference Room; Parking; Pool; Business Center,50
HT0068,Holiday Inn San Francisco SoMa,SF,San Francisco,SoMa,Budget,2,99,37.772162961067885,-122.41732140938309,1.23,0.35,Rooftop Lounge; Spa; Valet Parking; Restaurant; Business Center; Room Service; Conference Room,36
HT0051,Hyatt San Francisco Financial District,SF,San Francisco,Financial District,Budget,2,101,37.805264078464994,-122.39921422436963,1.19,3.81,Gym; Parking; Room Service; Restaurant; WiFi; Spa; Bar,34
HT0085,Hyatt San Francisco Silicon Valley,SF,San Francisco,Silicon Valley,Budget,2,104,37.38882418885982,-122.0807959056093,0.41,52.28,Conference Room; Restaurant; Pool; Rooftop Lounge; WiFi,91
HT0066,Holiday Inn San Francisco SoMa,SF,San Francisco,SoMa,Budget,2,117,37.798133007394306,-122.39768250386497,2.26,3.21,Pool; WiFi; Concierge; Gym; Airport Shuttle; Laundry Service,42
HT0050,Marriott San Francisco Financial District,SF,San Francisco,Financial District,Budget,2,118,37.80257914020508,-122.40642939197728,1.06,3.28,Spa; Gym; Bar; Pool; Rooftop Lounge; Laundry Service,41
HT0086,Hilton San Francisco Silicon Valley,SF,San Francisco,Silicon Valley,Budget,2,119,37.38182448950514,-122.07455135911131,0.95,53.23,Spa; Airport Shuttle; Room Service; Parking,22
HT0067,Hampton Inn San Francisco SoMa,SF,San Francisco,SoMa,Budget,2,131,37.78358406337181,-122.39034296467302,1.49,2.73,Laundry Service; Parking; Restaurant; Concierge; Bar; Conference Room; Pool,55
HT0052,Hilton San Francisco Financial District,SF,San Francisco,Financial District,Budget,2,150,37.79511610781476,-122.41403843985954,1.24,2.3,Gym; Parking; Pool; Spa,25
HT0057,Marriott San Francisco Financial District,SF,San Francisco,Financial District,Mid-Range,3,157,37.793656795180404,-122.39425890024283,0.51,3.04,Business Center; Parking; Concierge; Pool; Rooftop Lounge,18
HT0069,Hyatt San Francisco SoMa,SF,San Francisco,SoMa,Mid-Range,3,160,37.786316572620464,-122.39637568996655,1.19,2.39,Gym; Conference Room; Pool; Business Center; Concierge; Bar,65
HT0055,InterContinental San Francisco Financial District,SF,San Francisco,Financial District,Mid-Range,3,161,37.80155098625796,-122.41562668780912,1.58,2.98,Bar; Airport Shuttle; Room Service; Valet Parking,89
HT0054,Holiday Inn San Francisco Financial District,SF,San Francisco,Financial District,Mid-Range,3,164,37.80657830521793,-122.40581370128133,1.43,3.72,WiFi; Bar; Valet Parking; Room Service; Restaurant,22
HT0070,InterContinental San Francisco SoMa,SF,San Francisco,SoMa,Mid-Range,3,182,37.795419566227395,-122.39273530936656,2.18,3.27,Spa; Restaurant; Conference Room; Business Center; Laundry Service; WiFi; Pool,15
HT0091,Marriott San Francisco Silicon Valley,SF,San Francisco,Silicon Valley,Mid-Range,3,184,37.36786950620156,-122.09794563315907,2.38,53.4,Parking; Room Service; Valet Parking; WiFi; Spa; Business Center,81
HT0053,Marriott San Francisco Financial District,SF,San Francisco,Financial District,Mid-Range,3,190,37.78029908715709,-122.38468510067499,2.08,3.11,Laundry Service; Business Center; Airport Shuttle; Pool; Parking; Bar,74
HT0072,InterContinental San Francisco SoMa,SF,San Francisco,SoMa,Mid-Range,3,194,37.77957449651883,-122.42478556865125,1.63,0.7,Gym; WiFi; Valet Parking; Pool; Laundry Service; Airport Shuttle; Conference Room,93
HT0089,Hilton San Francisco Silicon Valley,SF,San Francisco,Silicon Valley,Mid-Range,3,201,37.393214190152364,-122.06460091642677,1.88,52.71,Parking; Room Service; Concierge; Business Center,11
HT0071,Holiday Inn San Francisco SoMa,SF,San Francisco,SoMa,Mid-Range,3,217,37.786752521133835,-122.41141771051082,0.97,1.49,Conference Room; Spa; Parking; Restaurant,18
HT0087,Holiday Inn San Francisco Silicon Valley,SF,San Francisco,Silicon Valley,Mid-Range,3,235,37.37459323866028,-122.09157007747989,1.45,53.07,Restaurant; Gym; Conference Room; Rooftop Lounge; WiFi; Bar,77
HT0088,Hilton San Francisco Silicon Valley,SF,San Francisco,Silicon Valley,Mid-Range,3,252,37.39446476433633,-122.09197670832168,1.17,51.2,Concierge; Pool; Spa; Rooftop Lounge; Room Service; Restaurant; Airport Shuttle,58
HT0056,Hampton Inn San Francisco Financial District,SF,San Francisco,Financial District,Mid-Range,3,268,37.80016771655702,-122.41770537748046,1.68,2.81,Restaurant; Spa; Room Service; Pool; Conference Room; Gym,53
HT0090,InterContinental San Francisco Silicon Valley,SF,San Francisco,Silicon Valley,Mid-Range,3,275,37.38531913375536,-122.09531758981979,1.01,51.89,WiFi; Spa; Laundry Service; Airport Shuttle,52
HT0073,InterContinental San Francisco SoMa,SF,San Francisco,SoMa,Upscale,4,292,37.771898849896175,-122.415326049126,1.12,0.49,Pool; Concierge; Rooftop Lounge; Laundry Service; Room Service,28
HT0058,Hyatt San Francisco Financial District,SF,San Francisco,Financial District,Upscale,4,301,37.79929591710121,-122.41366715253233,1.32,2.76,Bar; Conference Room; Airport Shuttle; Valet Parking; Room Service,37
HT0076,Holiday Inn San Francisco SoMa,SF,San Francisco,SoMa,Upscale,4,312,37.78271463805177,-122.3975918698661,0.87,2.1,Rooftop Lounge; Conference Room; Restaurant; Pool; Concierge; Room Service,93
HT0059,InterContinental San Francisco Financial District,SF,San Francisco,Financial District,Upscale,4,317,37.78117846244286,-122.41967604201272,2.29,0.7,Valet Parking; Room Service; Restaurant; Rooftop Lounge; Gym; Airport Shuttle,53
HT0092,Hampton Inn San Francisco Silicon Valley,SF,San Francisco,Silicon Valley,Upscale,4,350,37.39842498278116,-122.07944934206736,1.43,51.48,Parking; Gym; Restaurant; Conference Room; Rooftop Lounge; Pool,54
HT0060,Holiday Inn San Francisco Financial District,SF,San Francisco,Financial District,Upscale,4,355,37.79016167443435,-122.39372010425498,0.73,2.82,Conference Room; Airport Shuttle; Laundry Service; Pool; Spa,29
HT0093,Holiday Inn San Francisco Silicon Valley,SF,San Francisco,Silicon Valley,Upscale,4,367,37.397130725681365,-122.08565002118935,1.24,51.28,Spa; Laundry Service; Concierge; Bar; Airport Shuttle; Business Center; Gym,17
HT0094,Hampton Inn San Francisco Silicon Valley,SF,San Francisco,Silicon Valley,Upscale,4,415,37.39348256697178,-122.08692239041342,0.86,51.55,Room Service; Spa; Parking; Business Center; Restaurant; Pool,67
HT0074,Hampton Inn San Francisco SoMa,SF,San Francisco,SoMa,Upscale,4,425,37.77633138783074,-122.40072918276987,0.57,1.65,Conference Room; Room Service; Concierge; Laundry Service; WiFi; Gym; Spa,73
HT0077,Hilton San Francisco SoMa,SF,San Francisco,SoMa,Upscale,4,446,37.79138515886271,-122.40236996451446,1.42,2.37,Concierge; Restaurant; Bar; Conference Room; Rooftop Lounge; WiFi; Room Service,48
HT0075,Hyatt San Francisco SoMa,SF,San Francisco,SoMa,Upscale,4,447,37.796324746984325,-122.40791204990826,1.93,2.59,Business Center; Spa; Airport Shuttle; Conference Room; WiFi,50
HT0062,Four Seasons San Francisco Financial District,SF,San Francisco,Financial District,Luxury,5,476,37.78119250667924,-122.39116630836634,1.68,2.58,Room Service; Concierge; Spa; Restaurant; Conference Room; Airport Shuttle; Gym; Valet Parking; WiFi; Rooftop Lounge,39
HT0078,Ritz-Carlton San Francisco SoMa,SF,San Francisco,SoMa,Luxury,5,509,37.78773336416186,-122.38828685496865,1.86,3.08,Room Service; Conference Room; Business Center; Rooftop Lounge; Spa; Laundry Service; WiFi,37
HT0096,Peninsula San Francisco Silicon Valley,SF,San Francisco,Silicon Valley,Luxury,5,543,37.39280843486085,-122.09846484979508,1.49,51.04,Business Center; Valet Parking; Room Service; Gym; Concierge; Spa,8
HT0095,W Hotels San Francisco Silicon Valley,SF,San Francisco,Silicon Valley,Luxury,5,672,37.404385852138404,-122.09659087378857,2.32,50.06,Bar; Concierge; Laundry Service; Airport Shuttle; Conference Room; Valet Parking; Gym; Restaurant; Spa; Parking,65
HT0061,Waldorf Astoria San Francisco Financial District,SF,San Francisco,Financial District,Luxury,5,737,37.78949657620949,-122.41375132501557,1.34,1.7,Bar; Parking; WiFi; Room Service; Business Center; Spa; Concierge; Restaurant; Conference Room; Pool,80
HT0079,St. Regis San Francisco SoMa,SF,San Francisco,SoMa,Luxury,5,756,37.77005341043159,-122.41839456508114,1.46,0.55,Spa; Airport Shuttle; Concierge; Room Service; Pool; Business Center; Bar; Conference Room; WiFi,79
HT0080,St. Regis San Francisco SoMa,SF,San Francisco,SoMa,Luxury,5,765,37.766217929210335,-122.41548436749102,1.63,1.02,Airport Shuttle; Restaurant; Rooftop Lounge; Business Center; Gym; WiFi; Conference Room; Bar; Concierge; Spa,53
HT0097,Peninsula San Francisco Silicon Valley,SF,San Francisco,Silicon Valley,Luxury,5,792,37.37815532735037,-122.06735415027077,1.71,53.93,Restaurant; Room Service; Business Center; WiFi; Concierge; Parking; Pool; Spa; Gym; Bar,92
HT0081,Ritz-Carlton San Francisco SoMa,SF,San Francisco,SoMa,Luxury,5,793,37.78643534820325,-122.4060799782475,0.83,1.74,Business Center; Laundry Service; Rooftop Lounge; Concierge; Pool; Airport Shuttle; Bar; Gym,38
HT0063,St. Regis San Francisco Financial District,SF,San Francisco,Financial District,Luxury,5,796,37.784810383830425,-122.39390891195657,1.21,2.5,Bar; Spa; Airport Shuttle; Rooftop Lounge; Business Center; Room Service; Restaurant; Parking; Conference Room; Gym,66
HT0098,Peninsula San Francisco Silicon Valley,SF,San Francisco,Silicon Valley,Ultra-Luxury,5,912,37.371741259641496,-122.06744957475787,2.16,54.51,Business Center; Conference Room; Bar; Parking; Spa; Pool,76
HT0083,Waldorf Astoria San Francisco SoMa,SF,San Francisco,SoMa,Ultra-Luxury,5,981,37.79211508354075,-122.38974303789728,2.06,3.23,Restaurant; Parking; Laundry Service; Conference Room; Room Service; Business Center; Bar; Concierge; WiFi; Valet Parking,60
HT0082,St. Regis San Francisco SoMa,SF,San Francisco,SoMa,Ultra-Luxury,5,1251,37.759008197617646,-122.4198196122325,2.52,1.77,Airport Shuttle; Pool; Gym; Spa; WiFi; Valet Parking; Business Center; Room Service; Concierge,98
HT0064,Waldorf Astoria San Francisco Financial District,SF,San Francisco,Financial District,Ultra-Luxury,5,1394,37.80643360299056,-122.41343172503407,1.77,3.55,WiFi; Laundry Service; Conference Room; Pool; Concierge; Restaurant; Rooftop Lounge,6
